"Average",,,,,,,,,,,"R0",,,,,,,,,,"Analog",,
"Index [1]","X [mm]","Y [mm]","U [mm]","V [mm]","exx [1] - Lagrange","eyy [1] - Lagrange","exy [1] - Lagrange","e1 [1] - Lagrange","e2 [1] - Lagrange","gamma [1] - Lagrange","X [mm]","Y [mm]","U [mm]","V [mm]","exx [1] - Lagrange","eyy [1] - Lagrange","exy [1] - Lagrange","e1 [1] - Lagrange","e2 [1] - Lagrange","gamma [1] - Lagrange","Time_0","deplacement_(mm)","Charge_(KN)"
0,-3.33674,-0.789118,0,0,-5.51895e-17,-6.86501e-17,1.39181e-19,-4.6984e-17,-7.68541e-17,0.000858355,-2.96421,0.0873111,0,0,-5.76584e-17,-6.68384e-17,8.95938e-20,-4.45146e-17,-7.99823e-17,-0.00729146,10.5517,-0.0486,0.029
1,-3.33674,-0.789118,-0.00147174,3.32717e-05,-5.13659e-06,3.86068e-06,-4.53892e-07,5.17637e-05,-5.304e-05,-0.021374,-2.96421,0.0873111,-0.00147038,1.71122e-05,-3.98278e-06,4.16228e-06,-2.7365e-06,4.51232e-05,-4.49439e-05,-0.0633125,12.3163,-0.047,0.029
2,-3.33674,-0.789118,-0.0170619,-0.0017988,-8.20266e-06,8.42938e-06,-4.73162e-07,5.38843e-05,-5.36577e-05,-0.0183927,-2.96421,0.0873111,-0.0171542,-0.00178558,-1.08285e-05,4.77549e-06,-3.44889e-06,4.42751e-05,-5.03282e-05,-0.0277486,82.6848,-0.0457,0.0309
3,-3.33674,-0.789118,-0.0173156,-0.00151248,-3.09966e-06,7.67693e-06,-8.09549e-07,5.51413e-05,-5.05641e-05,-0.0313367,-2.96421,0.0873111,-0.0174006,-0.00151094,-6.75837e-06,7.59603e-06,-5.49114e-06,4.70114e-05,-4.61738e-05,-0.0818447,83.1824,-0.047,0.0367
4,-3.33674,-0.789118,-0.0172384,-0.00188074,-3.6346e-06,6.8121e-06,-3.76289e-07,5.63527e-05,-5.31752e-05,-0.0189776,-2.96421,0.0873111,-0.0173315,-0.00186327,-6.60787e-06,6.45152e-06,-4.8414e-06,4.68776e-05,-4.70338e-05,-0.076553,83.6824,-0.047,0.0309
5,-3.33674,-0.789118,-0.0178691,-0.00194459,-4.27202e-06,4.79758e-06,-1.47492e-06,5.43723e-05,-5.38467e-05,-0.0228776,-2.96421,0.0873111,-0.0179672,-0.00191503,-6.45543e-06,7.44143e-06,-4.08072e-06,4.74816e-05,-4.64956e-05,-0.065423,84.1824,-0.0473,0.0338
6,-3.33674,-0.789118,-0.0178484,-0.00173581,-1.44009e-06,7.13486e-06,2.13824e-06,5.69661e-05,-5.12715e-05,-0.0103885,-2.96421,0.0873111,-0.0179428,-0.00171134,-4.33945e-06,4.59886e-06,-4.34444e-06,4.88769e-05,-4.86174e-05,-0.111407,84.6823,-0.049,0.0319
7,-3.33674,-0.789118,-0.0179679,-0.00160141,-8.77537e-07,5.46767e-06,-1.11444e-06,5.552e-05,-5.09297e-05,-0.00666755,-2.96421,0.0873111,-0.0180671,-0.00160311,-4.85921e-06,5.54153e-06,-3.83781e-06,4.75829e-05,-4.69004e-05,-0.0603932,85.1824,-0.0464,0.0329
8,-3.33674,-0.789118,-0.0179877,-0.00159633,-3.89344e-06,5.61422e-06,8.00581e-07,5.54457e-05,-5.37249e-05,0.0346867,-2.96421,0.0873111,-0.0180864,-0.00159532,-4.70209e-06,6.419e-06,-3.70275e-06,4.87397e-05,-4.70229e-05,-0.0320287,85.6823,-0.0477,0.0348
9,-3.33674,-0.789118,-0.018586,0.00298547,-1.79554e-05,8.75629e-05,7.49479e-06,0.000111146,-4.15382e-05,0.169008,-2.96421,0.0873111,-0.0185897,0.00286754,-2.08754e-05,9.71189e-05,6.3343e-06,0.000111223,-3.4979e-05,0.185017,86.1824,-0.0348,0.1826
10,-3.33674,-0.789118,-0.0192239,0.00959193,-4.39167e-05,0.000193567,1.46696e-05,0.00020667,-5.70181e-05,0.36292,-2.96421,0.0873111,-0.0189039,0.00931548,-4.3607e-05,0.000216953,1.90531e-05,0.000225571,-5.2226e-05,0.453773,86.6823,-0.0206,0.3575
11,-3.33674,-0.789118,-0.0181964,0.0147186,-6.21515e-05,0.000275567,2.26771e-05,0.000286855,-7.34405e-05,0.503869,-2.96421,0.0873111,-0.017422,0.0143314,-6.21153e-05,0.000315169,2.9681e-05,0.000322995,-6.9944e-05,0.661685,87.1823,-0.001,0.487
12,-3.33674,-0.789118,-0.0164705,0.0210078,-8.24216e-05,0.000344514,3.06611e-05,0.000356065,-9.39747e-05,0.594783,-2.96421,0.0873111,-0.015186,0.0205829,-7.87833e-05,0.000400904,3.95286e-05,0.00040947,-8.73489e-05,0.758097,87.6824,0.0164,0.6019
13,-3.33674,-0.789118,-0.0136018,0.0256644,-9.61437e-05,0.000408673,3.92486e-05,0.000420572,-0.000108042,0.683724,-2.96421,0.0873111,-0.011697,0.0251996,-9.0191e-05,0.000473909,4.999e-05,0.000483774,-0.000100057,0.856938,88.1824,0.0306,0.714
14,-3.33674,-0.789118,-0.0112675,0.0297379,-0.000107618,0.000464165,4.76813e-05,0.00047783,-0.000121281,0.765983,-2.96421,0.0873111,-0.00868555,0.0292561,-0.000102153,0.00054007,6.27166e-05,0.000551427,-0.000113509,0.993429,88.6824,0.056,0.8087
15,-3.33674,-0.789118,-0.00814367,0.0331077,-0.000116752,0.000518674,5.50681e-05,0.000532804,-0.00013088,0.838611,-2.96421,0.0873111,-0.00482421,0.032625,-0.000107736,0.000603343,7.27134e-05,0.000615922,-0.000120316,1.04185,89.1824,0.0641,0.8831
16,-3.33674,-0.789118,-0.00458381,0.0383235,-0.000124213,0.000565123,6.46176e-05,0.000580975,-0.000140064,0.869238,-2.96421,0.0873111,-0.000517863,0.0378288,-0.000117883,0.00065928,8.3011e-05,0.000673421,-0.000132024,1.08269,89.6823,0.0808,0.9614
17,-3.33674,-0.789118,-0.000268763,0.0416445,-0.000133781,0.000609762,7.15706e-05,0.00062799,-0.000152012,0.910126,-2.96421,0.0873111,0.00456053,0.0410901,-0.000124395,0.000712829,9.47907e-05,0.000728931,-0.000140494,1.11389,90.1823,0.0982,1.0338
18,-3.33674,-0.789118,0.00211023,0.0448681,-0.00014373,0.000648527,8.02618e-05,0.000667197,-0.000162399,0.954027,-2.96421,0.0873111,0.00765479,0.0443258,-0.00013433,0.00076205,0.000101583,0.000779216,-0.000151497,1.15067,90.6823,0.1143,1.0976
19,-3.33674,-0.789118,0.00591095,0.0488941,-0.000151559,0.000688302,8.57605e-05,0.000709043,-0.000172304,0.963018,-2.96421,0.0873111,0.0121283,0.0483993,-0.000139261,0.000809075,0.000111145,0.000828048,-0.000158236,1.16434,91.1823,0.1327,1.1623
20,-3.33674,-0.789118,0.00897688,0.0518222,-0.000160026,0.000721768,9.14271e-05,0.000743381,-0.000181637,0.987523,-2.96421,0.0873111,0.0158478,0.0513209,-0.000148129,0.00085235,0.000119744,0.00087276,-0.000168541,1.19557,91.6824,0.1465,1.2164
21,-3.33674,-0.789118,0.01129,0.0548121,-0.000171466,0.000754002,9.56586e-05,0.000777761,-0.000195226,0.98857,-2.96421,0.0873111,0.0188025,0.0542737,-0.000156561,0.00089437,0.000121758,0.000914662,-0.000176855,1.14706,92.1823,0.1633,1.2647
22,-3.33674,-0.789118,0.0138425,0.0582406,-0.000176878,0.000783244,0.000101772,0.000807807,-0.000201439,0.98359,-2.96421,0.0873111,0.0219564,0.0576464,-0.000162564,0.000928594,0.000129649,0.000950297,-0.000184266,1.17953,92.6824,0.18,1.344
23,-3.33674,-0.789118,0.0165463,0.0608261,-0.000186622,0.000812116,0.000107378,0.000837855,-0.00021236,1.00496,-2.96421,0.0873111,0.0252099,0.0601859,-0.000173525,0.000951138,0.000141,0.000975336,-0.000197724,1.23721,93.1824,0.1974,1.372
24,-3.33674,-0.789118,0.0182152,0.0648975,-0.000194722,0.000834243,0.00011333,0.000861846,-0.000222325,1.02357,-2.96421,0.0873111,0.0272991,0.0644189,-0.000178213,0.000988697,0.000144811,0.00101343,-0.000202947,1.23912,93.6824,0.2148,1.4077
25,-3.33674,-0.789118,0.0207634,0.0674364,-0.000194912,0.000871115,0.000114017,0.000898547,-0.000222346,1.02153,-2.96421,0.0873111,0.0303357,0.066891,-0.000179821,0.00102947,0.000146584,0.00105367,-0.000204014,1.25466,94.1824,0.2316,1.4599
26,-3.33674,-0.789118,0.0227308,0.0705603,-0.000202616,0.000901994,0.000117526,0.000931387,-0.000232008,1.03044,-2.96421,0.0873111,0.0327133,0.0700036,-0.000189253,0.00105589,0.000155123,0.00108195,-0.000215306,1.26082,94.6824,0.247,1.5082
27,-3.33674,-0.789118,0.0244281,0.0738458,-0.000209237,0.000926707,0.000119994,0.000956031,-0.000238561,1.01265,-2.96421,0.0873111,0.0347455,0.0732777,-0.000197159,0.00108895,0.000158065,0.00111517,-0.000223372,1.25167,95.1823,0.2631,1.5536
28,-3.33674,-0.789118,0.0252901,0.0764919,-0.000216039,0.000954254,0.000122093,0.000985613,-0.000247393,1.02664,-2.96421,0.0873111,0.0359291,0.0758741,-0.000204583,0.00111395,0.000161151,0.00114075,-0.000231383,1.23172,95.6824,0.2812,1.601
29,-3.33674,-0.789118,0.026065,0.0809595,-0.000221147,0.000980483,0.000129199,0.00101123,-0.000251892,1.03462,-2.96421,0.0873111,0.0369924,0.0803963,-0.000207436,0.00114605,0.000166381,0.00117362,-0.00023501,1.2627,96.1824,0.2953,1.657
30,-3.33674,-0.789118,0.0282203,0.0848586,-0.000234185,0.00101335,0.000128449,0.00104296,-0.000263784,1.01921,-2.96421,0.0873111,0.0394227,0.0842989,-0.000220638,0.00117789,0.000167687,0.00120535,-0.000248103,1.24025,96.6823,0.3147,1.7063
31,-3.33674,-0.789118,0.028435,0.0892373,-0.000237056,0.00104363,0.000133585,0.00107404,-0.000267462,1.06501,-2.96421,0.0873111,0.0399361,0.0886581,-0.000225991,0.00121165,0.000171963,0.00123946,-0.000253798,1.27088,97.1824,0.3291,1.7469
32,-3.33674,-0.789118,0.0295676,0.092562,-0.000250218,0.00107143,0.000138038,0.00110268,-0.000281465,1.03361,-2.96421,0.0873111,0.0413161,0.0919516,-0.000236627,0.0012418,0.00017773,0.00127053,-0.000265363,1.25776,97.6824,0.3482,1.8048
33,-3.33674,-0.789118,0.0304993,0.0978401,-0.000254059,0.00111081,0.000138484,0.00114201,-0.000285249,1.04283,-2.96421,0.0873111,0.0424703,0.0972614,-0.000245685,0.00128118,0.000180017,0.00131019,-0.000274688,1.26637,98.1824,0.3639,1.8599
34,-3.33674,-0.789118,0.0310944,0.102766,-0.000266446,0.00113836,0.000143787,0.00116903,-0.000297122,1.05201,-2.96421,0.0873111,0.0433206,0.102146,-0.00025232,0.00130961,0.000186121,0.00133952,-0.000282238,1.25837,98.6824,0.3794,1.914
35,-3.33674,-0.789118,0.0320103,0.107511,-0.000269554,0.00116592,0.000146442,0.00119865,-0.00030228,1.04078,-2.96421,0.0873111,0.0444751,0.106871,-0.000256691,0.00134517,0.000190784,0.00137595,-0.000287469,1.26095,99.1824,0.3955,1.9672
36,-3.33674,-0.789118,0.0334304,0.112904,-0.000281162,0.00119818,0.000149224,0.00123009,-0.000313057,1.05642,-2.96421,0.0873111,0.0461752,0.112311,-0.000264865,0.00137641,0.000192155,0.00140692,-0.000295385,1.25434,99.6824,0.4139,2.0232
37,-3.33674,-0.789118,0.0345341,0.118473,-0.000290163,0.00122652,0.000151262,0.00125905,-0.000322701,1.03441,-2.96421,0.0873111,0.0475325,0.117852,-0.000276146,0.00140786,0.000193854,0.00143862,-0.000306913,1.24656,100.182,0.4303,2.0773
38,-3.33674,-0.789118,0.0355377,0.124509,-0.00030124,0.00125902,0.000155482,0.00129129,-0.000333508,1.06949,-2.96421,0.0873111,0.0487553,0.123884,-0.000286829,0.00143981,0.000198894,0.00147081,-0.000317825,1.29233,100.682,0.4486,2.1305
39,-3.33674,-0.789118,0.0367376,0.130782,-0.000309788,0.00129444,0.000156359,0.00132626,-0.00034161,1.02501,-2.96421,0.0873111,0.0502426,0.130117,-0.000295558,0.00147815,0.00020001,0.00150931,-0.000326711,1.22824,101.182,0.4635,2.1778
40,-3.33674,-0.789118,0.0385592,0.136448,-0.000322937,0.00132025,0.000159778,0.00135226,-0.000354948,1.06133,-2.96421,0.0873111,0.052283,0.135845,-0.000308774,0.00150142,0.00020746,0.00153369,-0.000341043,1.28492,101.682,0.4799,2.2222
41,-3.33674,-0.789118,0.039174,0.143778,-0.000333232,0.00135129,0.000163503,0.00138419,-0.000366147,1.05081,-2.96421,0.0873111,0.0531529,0.143224,-0.000317123,0.00154045,0.000209016,0.00157294,-0.000349606,1.26385,102.182,0.4976,2.2821
42,-3.33674,-0.789118,0.0402984,0.149801,-0.000337951,0.00138493,0.000162726,0.0014184,-0.000371422,1.04265,-2.96421,0.0873111,0.0545648,0.149163,-0.000325937,0.00157376,0.000212992,0.00160644,-0.000358619,1.28773,102.682,0.5124,2.3392
43,-3.33674,-0.789118,0.0417782,0.157042,-0.000346086,0.00141004,0.000164648,0.00144316,-0.000379205,1.03609,-2.96421,0.0873111,0.0562917,0.156355,-0.000333107,0.00160052,0.000215402,0.00163372,-0.000366314,1.27877,103.182,0.532,2.3865
44,-3.33674,-0.789118,0.0430938,0.163474,-0.000359547,0.00144137,0.000167656,0.00147383,-0.000392003,1.04538,-2.96421,0.0873111,0.0578824,0.162772,-0.000345307,0.00162984,0.000216586,0.00166286,-0.000378321,1.2461,103.682,0.5462,2.4454
45,-3.33674,-0.789118,0.0439814,0.171515,-0.000367836,0.00147334,0.000170366,0.00150693,-0.000401422,1.04245,-2.96421,0.0873111,0.0590806,0.170827,-0.000357076,0.00166338,0.000221866,0.00169739,-0.000391077,1.27874,104.182,0.5636,2.5034
46,-3.33674,-0.789118,0.0453808,0.178273,-0.000377954,0.00150143,0.000172547,0.00153433,-0.000410848,1.04065,-2.96421,0.0873111,0.0607586,0.177533,-0.000365064,0.00169209,0.000222896,0.00172596,-0.000398933,1.25931,104.682,0.5791,2.5507
47,-3.33674,-0.789118,0.0466472,0.185874,-0.000388993,0.0015326,0.000175284,0.0015665,-0.000422895,1.024,-2.96421,0.0873111,0.0622823,0.185143,-0.000377286,0.00172521,0.00022728,0.00175955,-0.000411629,1.25835,105.182,0.5965,2.6078
48,-3.33674,-0.789118,0.0477497,0.193626,-0.000397609,0.00156042,0.000178851,0.0015939,-0.0004311,1.03947,-2.96421,0.0873111,0.0636547,0.192904,-0.000383072,0.00175514,0.000229895,0.0017898,-0.000417733,1.26287,105.682,0.6135,2.6387
49,-3.33674,-0.789118,0.0481724,0.201109,-0.000401003,0.00159247,0.000179482,0.00162652,-0.000435048,1.02526,-2.96421,0.0873111,0.0643199,0.20037,-0.000389912,0.00178777,0.000231689,0.00182262,-0.00042476,1.24053,106.182,0.6303,2.7131
50,-3.33674,-0.789118,0.0494161,0.208807,-0.000416578,0.00162207,0.000179741,0.00165561,-0.000450133,1.01536,-2.96421,0.0873111,0.0658154,0.208057,-0.000403552,0.00181984,0.000232413,0.00185435,-0.000438062,1.24311,106.682,0.6441,2.7691
51,-3.33674,-0.789118,0.0500626,0.216778,-0.00042627,0.00165371,0.000184402,0.00168863,-0.00046119,1.00374,-2.96421,0.0873111,0.0666857,0.216028,-0.000413412,0.00185327,0.000234206,0.00188832,-0.000448462,1.21577,107.182,0.6628,2.8242
52,-3.33674,-0.789118,0.0512469,0.22368,-0.000439134,0.00168469,0.000185798,0.00171918,-0.000473614,1.00589,-2.96421,0.0873111,0.0680976,0.222931,-0.000426753,0.00188253,0.000240662,0.00191843,-0.000462659,1.24537,107.682,0.6805,2.8947
53,-3.33674,-0.789118,0.0509993,0.231916,-0.000447104,0.00171657,0.0001889,0.00175162,-0.000482158,1.00433,-2.96421,0.0873111,0.0680534,0.231137,-0.000435413,0.00191424,0.000243394,0.00195064,-0.00047181,1.23059,108.182,0.696,2.9392
54,-3.33674,-0.789118,0.0517991,0.239,-0.000456709,0.00175093,0.000190687,0.00178586,-0.000491642,1.00314,-2.96421,0.0873111,0.0690272,0.238221,-0.000442862,0.0019507,0.000245707,0.00198743,-0.000479586,1.21545,108.682,0.714,2.9904
55,-3.33674,-0.789118,0.0529017,0.253424,-0.000474126,0.00180222,0.000195321,0.00183781,-0.00050971,1.00507,-2.96421,0.0873111,0.0703864,0.252602,-0.000461677,0.00200828,0.000249416,0.00204481,-0.000498219,1.20975,109.618,0.7446,3.1024
56,-3.33674,-0.789118,0.0526192,0.260459,-0.000487102,0.00183745,0.000197633,0.00187219,-0.000521843,1.00721,-2.96421,0.0873111,0.0702231,0.259648,-0.00047212,0.00203871,0.000252624,0.00207586,-0.000509272,1.21927,110.216,0.7633,3.1672
57,-3.33674,-0.789118,0.0531108,0.279091,-0.000511009,0.00191514,0.000204276,0.00195141,-0.000547283,1.00698,-2.96421,0.0873111,0.0709695,0.278261,-0.000503775,0.00211786,0.000262781,0.00215646,-0.000542384,1.22573,111.539,0.8087,3.3266
58,-3.33674,-0.789118,0.0533125,0.287221,-0.000518828,0.00195142,0.000205855,0.00198804,-0.00055546,0.986351,-2.96421,0.0873111,0.0712221,0.286451,-0.000506711,0.00215589,0.000264639,0.00219487,-0.000545693,1.21513,112.148,0.8287,3.3962
59,-3.33674,-0.789118,0.0537145,0.294893,-0.000521143,0.00198757,0.00020989,0.00202455,-0.000558117,1.00459,-2.96421,0.0873111,0.0717781,0.29403,-0.000508021,0.00218705,0.000267987,0.00222644,-0.000547411,1.21376,112.753,0.847,3.4638
60,-3.33674,-0.789118,0.0530556,0.302862,-0.000537911,0.00202248,0.000212277,0.00205996,-0.000575397,0.993696,-2.96421,0.0873111,0.0711446,0.302042,-0.000526661,0.00222854,0.00026975,0.00226837,-0.000566489,1.21637,113.352,0.8705,3.5401
61,-3.33674,-0.789118,0.0526442,0.310413,-0.000548086,0.00205719,0.000215452,0.00209444,-0.000585346,0.98625,-2.96421,0.0873111,0.0708269,0.309591,-0.000537258,0.00226142,0.000274571,0.0023016,-0.000577435,1.20479,113.947,0.8889,3.5991
62,-3.33674,-0.789118,0.0529596,0.318537,-0.000557764,0.00209121,0.000217497,0.00212915,-0.000595709,0.973885,-2.96421,0.0873111,0.0711982,0.317718,-0.000545144,0.00229553,0.000277342,0.00233609,-0.000585702,1.21115,114.54,0.9076,3.6783
63,-3.33674,-0.789118,0.0523912,0.326287,-0.000566248,0.00212829,0.000221569,0.00216751,-0.000605468,0.968507,-2.96421,0.0873111,0.0707228,0.325485,-0.000557477,0.00233326,0.00027968,0.00237422,-0.000598441,1.20146,115.13,0.9259,3.7595
64,-3.33674,-0.789118,0.0526836,0.333978,-0.000572408,0.00216185,0.000222404,0.0022008,-0.000611374,0.968931,-2.96421,0.0873111,0.0711334,0.333189,-0.00056099,0.00236902,0.000281617,0.00241022,-0.000602191,1.19978,115.735,0.9404,3.8329
65,-3.33674,-0.789118,0.0518964,0.341692,-0.000583517,0.00220233,0.000224522,0.00224162,-0.000622812,0.976665,-2.96421,0.0873111,0.07043,0.340922,-0.000570316,0.00240547,0.000284001,0.00244694,-0.00061179,1.19428,116.352,0.9655,3.9131
66,-3.33674,-0.789118,0.0511635,0.357259,-0.000600135,0.00227685,0.000231472,0.00231676,-0.000640039,0.966052,-2.96421,0.0873111,0.0698897,0.35649,-0.000588516,0.00248334,0.00029155,0.00252562,-0.000630789,1.18961,117.414,1.0039,4.0503
67,-3.33674,-0.789118,0.0495092,0.373046,-0.000619859,0.00235299,0.000235865,0.00239416,-0.000661009,0.952147,-2.96421,0.0873111,0.0684142,0.372349,-0.000609494,0.00255758,0.000298238,0.00260084,-0.000652747,1.17875,118.415,1.038,4.1778
68,-3.33674,-0.789118,0.048395,0.384995,-0.000632142,0.0024113,0.000238536,0.00245292,-0.00067377,0.949864,-2.96421,0.0873111,0.0674352,0.384325,-0.00062204,0.00261997,0.000300279,0.00266349,-0.000665547,1.18594,119.176,1.0625,4.2686
69,-3.33674,-0.789118,0.0436902,0.404162,-0.000657542,0.00250211,0.000245975,0.00254503,-0.000700483,0.942962,-2.96421,0.0873111,0.0629181,0.403592,-0.000645796,0.00271138,0.000305731,0.00275598,-0.000690407,1.16526,120.407,1.1027,4.4213
70,-3.33674,-0.789118,0.04265,0.419486,-0.000680723,0.00258347,0.000250815,0.00262738,-0.000724641,0.912043,-2.96421,0.0873111,0.0619907,0.418919,-0.000672053,0.00279009,0.000312524,0.00283574,-0.000717714,1.1396,121.443,1.1379,4.5633
71,-3.33674,-0.789118,0.0406201,0.432515,-0.00069607,0.00263941,0.000255225,0.00268443,-0.000741085,0.899974,-2.96421,0.0873111,0.0600592,0.431817,-0.000689122,0.00284456,0.00031754,0.00289098,-0.000735545,1.13209,122.249,1.1636,4.6686
72,-3.33674,-0.789118,0.0384015,0.443588,-0.000717657,0.00269653,0.000258141,0.00274126,-0.000762374,0.916219,-2.96421,0.0873111,0.0579106,0.442929,-0.000705512,0.00290234,0.000320142,0.00294875,-0.000751917,1.1437,122.983,1.1929,4.7701
73,-3.33674,-0.789118,0.035836,0.457055,-0.00073785,0.00275803,0.00026288,0.00280394,-0.000783761,0.909631,-2.96421,0.0873111,0.055411,0.456374,-0.000728991,0.00296299,0.000325165,0.0030102,-0.000776186,1.14813,123.834,1.2197,4.8744
74,-3.33674,-0.789118,0.0324734,0.470923,-0.00075267,0.00282159,0.000267875,0.00286855,-0.000799647,0.892078,-2.96421,0.0873111,0.0521252,0.470233,-0.00074484,0.00302571,0.000331776,0.00307421,-0.000793336,1.12381,124.708,1.2474,5.002
75,-3.33674,-0.789118,0.0306266,0.484337,-0.000779908,0.00289176,0.000272453,0.00293936,-0.000827497,0.901638,-2.96421,0.0873111,0.0503294,0.483639,-0.000775009,0.00309112,0.000335632,0.00314011,-0.000824003,1.12878,125.527,1.2725,5.1054
76,-3.33674,-0.789118,0.0275061,0.497287,-0.000804694,0.0029517,0.000278481,0.00300045,-0.000853439,0.907898,-2.96421,0.0873111,0.0472842,0.496632,-0.000798126,0.00315612,0.000342876,0.00320609,-0.000848099,1.13404,126.374,1.3024,5.2271
77,-3.33674,-0.789118,0.0243213,0.511591,-0.000813394,0.00302207,0.000282,0.00307164,-0.000862961,0.880888,-2.96421,0.0873111,0.0441273,0.510902,-0.000809426,0.00322648,0.000345984,0.00327731,-0.000860269,1.10448,127.257,1.3327,5.343
78,-3.33674,-0.789118,0.0222985,0.523549,-0.000836676,0.00308059,0.000286148,0.00313119,-0.000887271,0.875385,-2.96421,0.0873111,0.0421638,0.522864,-0.000831434,0.00328329,0.000349675,0.00333476,-0.000882911,1.10343,128.029,1.3578,5.4493
79,-3.33674,-0.789118,0.0189675,0.536796,-0.000852761,0.00314486,0.000291026,0.00319621,-0.000904129,0.877801,-2.96421,0.0873111,0.0388742,0.536116,-0.000847445,0.00334742,0.000355716,0.00339965,-0.000899663,1.10424,128.836,1.3839,5.5479
80,-3.33674,-0.789118,0.0159271,0.550501,-0.000877356,0.00321386,0.00029484,0.00326613,-0.00092962,0.867773,-2.96421,0.0873111,0.0358699,0.549815,-0.000871084,0.003414,0.000361022,0.00346726,-0.000924344,1.09842,129.723,1.4145,5.6812
81,-3.33674,-0.789118,0.0128268,0.563938,-0.00089363,0.00327755,0.000300477,0.00333098,-0.00094708,0.859542,-2.96421,0.0873111,0.0328203,0.563268,-0.000891831,0.00347635,0.000365874,0.00353071,-0.00094619,1.07567,130.564,1.4425,5.7933
82,-3.33674,-0.789118,0.00994845,0.575914,-0.000913481,0.00333602,0.000302225,0.00338947,-0.000966932,0.856004,-2.96421,0.0873111,0.0299671,0.575247,-0.000907268,0.00353581,0.000367142,0.00359,-0.000961464,1.09675,131.294,1.467,5.8957
83,-3.33674,-0.789118,0.00648266,0.592148,-0.000939504,0.0034192,0.000308341,0.003474,-0.0009943,0.8325,-2.96421,0.0873111,0.0265852,0.591579,-0.000936619,0.00362032,0.00037207,0.0036756,-0.000991897,1.0508,132.297,1.4995,6.0397
84,-3.33674,-0.789118,0.00325903,0.606686,-0.000965951,0.00348778,0.000314433,0.00354363,-0.00102179,0.844976,-2.96421,0.0873111,0.023382,0.606037,-0.000962953,0.00368407,0.000377359,0.0037402,-0.0010191,1.05093,133.211,1.5295,6.1556
85,-3.33674,-0.789118,0.000198893,0.623464,-0.000991959,0.00356778,0.000322188,0.00362543,-0.00104961,0.828335,-2.96421,0.0873111,0.020369,0.622784,-0.00099113,0.00376639,0.000384637,0.0038242,-0.00104894,1.04095,134.246,1.5656,6.2967
86,-3.33674,-0.789118,-0.0028502,0.63773,-0.00101858,0.00363988,0.000325726,0.00369801,-0.0010767,0.822301,-2.96421,0.0873111,0.017366,0.637101,-0.00101801,0.00383839,0.000388059,0.00389603,-0.00107566,1.04368,135.176,1.5952,6.4233
87,-3.33674,-0.789118,-0.0060758,0.653106,-0.00104224,0.00371211,0.000332184,0.00377176,-0.0011019,0.81104,-2.96421,0.0873111,0.0141856,0.652445,-0.00104196,0.00390924,0.000392959,0.00396813,-0.00110084,1.02994,136.145,1.6258,6.572
88,-3.33674,-0.789118,-0.00856571,0.66662,-0.00106221,0.00378186,0.000335889,0.0038423,-0.00112266,0.803398,-2.96421,0.0873111,0.0117315,0.665979,-0.0010636,0.0039755,0.000396117,0.00403491,-0.00112303,1.02728,136.99,1.6551,6.689
89,-3.33674,-0.789118,-0.0108811,0.678906,-0.00108281,0.00384777,0.000344438,0.00390962,-0.00114467,0.804658,-2.96421,0.0873111,0.00952744,0.678316,-0.00108591,0.00403859,0.000405148,0.00409948,-0.00114679,1.00621,137.798,1.6828,6.7923
90,-3.33674,-0.789118,-0.0136968,0.693525,-0.00110922,0.00391769,0.000344591,0.00398033,-0.00117186,0.778015,-2.96421,0.0873111,0.00666878,0.692885,-0.0011149,0.00410546,0.000404563,0.00416628,-0.00117571,0.992771,138.716,1.7111,6.9266
91,-3.33674,-0.789118,-0.0167065,0.7086,-0.00113131,0.00399436,0.000353911,0.00405876,-0.0011957,0.773087,-2.96421,0.0873111,0.003705,0.707925,-0.00113414,0.00418518,0.000414138,0.00424805,-0.00119701,0.98717,139.64,1.7449,7.0493
92,-3.33674,-0.789118,-0.0189572,0.721637,-0.00114991,0.00406084,0.000358262,0.00412624,-0.00121529,0.781724,-2.96421,0.0873111,0.00148227,0.720972,-0.00115316,0.00425223,0.000421137,0.00431556,-0.0012165,1.0155,140.491,1.773,7.1672
93,-3.33674,-0.789118,-0.0222077,0.739098,-0.00117912,0.00414629,0.000363783,0.00421264,-0.00124549,0.757486,-2.96421,0.0873111,-0.00172686,0.738444,-0.00118399,0.00433182,0.000425201,0.00439616,-0.00124834,0.96795,141.57,1.8048,7.3344
94,-3.33674,-0.789118,-0.0252688,0.755483,-0.00120843,0.00423119,0.000371677,0.00429897,-0.00127623,0.764785,-2.96421,0.0873111,-0.00473084,0.754893,-0.00121347,0.00441693,0.000429629,0.0044819,-0.00127846,0.977198,142.599,1.8416,7.4706
95,-3.33674,-0.789118,-0.0274533,0.768609,-0.00122823,0.00429892,0.000374766,0.0043682,-0.00129751,0.744834,-2.96421,0.0873111,-0.00690616,0.768068,-0.0012351,0.00447872,0.000431676,0.00454488,-0.00130128,0.947371,143.407,1.8715,7.5885
96,-3.33674,-0.789118,-0.0305214,0.783791,-0.00126209,0.00437283,0.000383052,0.00444339,-0.00133267,0.759724,-2.96421,0.0873111,-0.0099617,0.783245,-0.00126775,0.0045514,0.000442371,0.00461869,-0.00133504,0.973352,144.378,1.9034,7.7315
97,-3.33674,-0.789118,-0.033053,0.796664,-0.00128313,0.00443689,0.000387603,0.00450841,-0.00135465,0.74353,-2.96421,0.0873111,-0.0124621,0.796147,-0.0012863,0.00462005,0.000441693,0.00468723,-0.00135348,0.944765,145.175,1.9272,7.8378
98,-3.33674,-0.789118,-0.035412,0.812041,-0.00130728,0.00451795,0.000391167,0.00458982,-0.00137916,0.74492,-2.96421,0.0873111,-0.0147454,0.811448,-0.00131531,0.00469596,0.000447886,0.00476365,-0.001383,0.953678,146.145,1.9491,7.8378
99,-3.33674,-0.789118,-0.0379728,0.824675,-0.0013331,0.00458118,0.000401518,0.00465472,-0.00140665,0.748476,-2.96421,0.0873111,-0.0172932,0.824112,-0.00134077,0.00475694,0.000458414,0.00482641,-0.00141023,0.954818,146.949,1.9201,7.4551
100,-3.33674,-0.789118,-0.0322124,0.817811,-0.00128233,0.00442839,0.000388123,0.0044998,-0.00135374,0.749242,-2.96421,0.0873111,-0.0113139,0.817128,-0.00128585,0.0046064,0.000445891,0.0046744,-0.00135383,0.956642,147.755,1.8921,7.0851
101,-3.33674,-0.789118,-0.0252965,0.806185,-0.00122097,0.00425574,0.000375876,0.00432512,-0.00129034,0.761301,-2.96421,0.0873111,-0.00418393,0.805485,-0.00122426,0.00444291,0.000434872,0.00450919,-0.00129054,0.972475,148.479,1.8693,6.7788
102,-3.33674,-0.789118,-0.017457,0.793912,-0.00115589,0.00407665,0.000362579,0.00414372,-0.00122294,0.767117,-2.96421,0.0873111,0.0038777,0.793204,-0.00115685,0.00426688,0.000422805,0.00433189,-0.00122188,0.974779,149.291,1.8416,6.4445
103,-3.33674,-0.789118,-0.00829666,0.779312,-0.00107655,0.00385693,0.000347036,0.00392088,-0.00114051,0.798763,-2.96421,0.0873111,0.0133341,0.778547,-0.00107473,0.00405168,0.000410837,0.00411507,-0.0011381,1.01354,150.261,1.8123,6.0377
104,-3.33674,-0.789118,0.00254094,0.763682,-0.00100325,0.00363177,0.00033276,0.00369415,-0.00106564,0.805248,-2.96421,0.0873111,0.024451,0.762885,-0.000999582,0.00382924,0.000397664,0.00389139,-0.00106172,1.02723,151.257,1.7759,5.6329
105,-3.33674,-0.789118,0.0110018,0.749869,-0.000936554,0.00343805,0.00031792,0.00349759,-0.000996105,0.811033,-2.96421,0.0873111,0.0331678,0.749066,-0.000930489,0.00364471,0.000383469,0.0037049,-0.000990667,1.02141,152.14,1.7495,5.2793
106,-3.33674,-0.789118,0.020122,0.734584,-0.000861598,0.00321972,0.000302694,0.00327617,-0.000918033,0.834467,-2.96421,0.0873111,0.0425277,0.733746,-0.000853544,0.003431,0.000368731,0.00348897,-0.00091151,1.04984,153.143,1.7169,4.8667
107,-3.33674,-0.789118,0.0296968,0.720086,-0.000787007,0.00301129,0.000285264,0.00306504,-0.00084076,0.84007,-2.96421,0.0873111,0.0523538,0.719308,-0.000777221,0.00322187,0.000353577,0.00327785,-0.000833195,1.05759,154.1,1.6818,4.4851
108,-3.33674,-0.789118,0.038761,0.704932,-0.000722194,0.0028076,0.000271827,0.0028595,-0.000774119,0.858671,-2.96421,0.0873111,0.0616665,0.70416,-0.000709381,0.00302711,0.000339234,0.00308106,-0.000763324,1.07783,155.022,1.6496,4.1324
109,-3.33674,-0.789118,0.0456777,0.692787,-0.000659344,0.00263047,0.000260682,0.00268056,-0.000709427,0.901435,-2.96421,0.0873111,0.0687634,0.692077,-0.000645615,0.00285034,0.000329489,0.00290353,-0.000698799,1.1118,155.863,1.6232,3.8058
110,-3.33674,-0.789118,0.0518362,0.679804,-0.000597656,0.00247281,0.000246827,0.0025213,-0.00064615,0.879608,-2.96421,0.0873111,0.0750526,0.679157,-0.000583358,0.0027024,0.000314455,0.00275398,-0.000634946,1.08295,156.598,1.5987,3.5218
111,-3.33674,-0.789118,0.0579616,0.667743,-0.000543102,0.00228822,0.000235926,0.00233611,-0.000590988,0.90232,-2.96421,0.0873111,0.0813123,0.667022,-0.000525416,0.0025243,0.000305806,0.00257491,-0.00057603,1.11557,157.451,1.5723,3.1971
112,-3.33674,-0.789118,0.0633955,0.652307,-0.000485884,0.00208888,0.00022139,0.00213537,-0.000532377,0.911627,-2.96421,0.0873111,0.0868506,0.651592,-0.000464642,0.00232582,0.000286058,0.00237432,-0.000513148,1.08852,158.369,1.5395,2.886
113,-3.33674,-0.789118,0.0674846,0.619049,-0.000398973,0.00179892,0.000204367,0.00184801,-0.000448056,0.927327,-2.96421,0.0873111,0.0906425,0.618332,-0.000375438,0.00204038,0.000271063,0.0020885,-0.000423559,1.15422,160.135,1.4828,2.5759
114,-3.33674,-0.789118,0.0677538,0.601654,-0.000367184,0.00170446,0.000199663,0.00175621,-0.000418939,0.919506,-2.96421,0.0873111,0.0906228,0.600963,-0.00034588,0.00194411,0.000264067,0.00199193,-0.000393697,1.14604,160.944,1.4538,2.4164
115,-3.33674,-0.789118,0.0679676,0.585872,-0.000338321,0.00160979,0.000192421,0.00166231,-0.000390841,0.906013,-2.96421,0.0873111,0.0904626,0.585207,-0.000314801,0.00185392,0.000258076,0.001902,-0.00036287,1.13644,161.759,1.4271,2.2696
116,-3.33674,-0.789118,0.0679663,0.571747,-0.000314044,0.00153908,0.000184161,0.00159315,-0.000368105,0.903728,-2.96421,0.0873111,0.090087,0.571107,-0.000289369,0.00178267,0.000248573,0.00182952,-0.000336207,1.13942,162.517,1.4036,2.1391
117,-3.33674,-0.789118,0.0668443,0.555824,-0.000282479,0.00145637,0.000180342,0.00151383,-0.000339937,0.896993,-2.96421,0.0873111,0.0885756,0.555259,-0.000258117,0.00170263,0.000240839,0.00174947,-0.000304954,1.14171,163.375,1.3723,2.0348
118,-3.33674,-0.789118,0.0666375,0.542263,-0.00025931,0.00138276,0.000171707,0.00144111,-0.000317655,0.861302,-2.96421,0.0873111,0.0879975,0.541637,-0.000232655,0.00162127,0.00023418,0.00166862,-0.000280008,1.10598,164.136,1.3482,1.8879
119,-3.33674,-0.789118,0.0657608,0.528763,-0.000230447,0.00131166,0.000168206,0.00137564,-0.000294424,0.862001,-2.96421,0.0873111,0.0867212,0.528304,-0.000205305,0.00154911,0.000227829,0.00159717,-0.000253375,1.12396,164.905,1.3211,1.7768
120,-3.33674,-0.789118,0.0658682,0.515523,-0.000203771,0.0012384,0.00016141,0.00130582,-0.000271183,0.849248,-2.96421,0.0873111,0.0864582,0.515007,-0.000177465,0.00147492,0.000220049,0.00152431,-0.000226858,1.1094,165.75,1.2947,1.6599
121,-3.33674,-0.789118,0.0631451,0.502783,-0.000189671,0.001174,0.000154971,0.00124645,-0.000262117,0.830534,-2.96421,0.0873111,0.0834305,0.50233,-0.000162496,0.00140687,0.000213352,0.00145808,-0.000213707,1.08521,166.526,1.2696,1.5565
122,-3.33674,-0.789118,0.0630377,0.48397,-0.000154925,0.00108626,0.000145763,0.00116686,-0.000235528,0.816271,-2.96421,0.0873111,0.0828361,0.483568,-0.000131872,0.00131584,0.000203098,0.00136998,-0.00018601,1.07241,167.647,1.23,1.4039
123,-3.33674,-0.789118,0.0621401,0.471791,-0.00014143,0.00101651,0.000140188,0.00110354,-0.000228465,0.7783,-2.96421,0.0873111,0.0816209,0.471439,-0.000117379,0.00124235,0.000194859,0.00129987,-0.000174902,1.0281,168.445,1.2052,1.3034
124,-3.33674,-0.789118,0.060246,0.453498,-0.000113094,0.000935384,0.000131338,0.00103424,-0.00021195,0.764918,-2.96421,0.0873111,0.0793081,0.453169,-8.85135e-05,0.00115823,0.000186941,0.0012225,-0.000152785,1.03219,169.59,1.163,1.173
125,-3.33674,-0.789118,0.0596776,0.438602,-9.09912e-05,0.000872631,0.000127121,0.000980274,-0.00019864,0.75746,-2.96421,0.0873111,0.0783704,0.438319,-6.66645e-05,0.00109459,0.000182332,0.00116569,-0.000137763,1.01767,170.598,1.133,1.0589
126,-3.33674,-0.789118,0.0594194,0.423627,-6.71907e-05,0.000803908,0.000120287,0.000926789,-0.000190072,0.718126,-2.96421,0.0873111,0.0778034,0.423387,-4.3035e-05,0.00101978,0.000174371,0.00110122,-0.000124477,0.98082,171.514,1.1015,0.9478
127,-3.33674,-0.789118,0.0578789,0.408582,-3.32609e-05,0.000738703,0.000120805,0.000879092,-0.000173651,0.741612,-2.96421,0.0873111,0.0759466,0.4084,-1.23136e-05,0.000955854,0.000173049,0.00104845,-0.000104912,0.998029,172.46,1.0715,0.858
128,-3.33674,-0.789118,0.0571854,0.391087,-2.40829e-05,0.000659892,0.000112117,0.000814316,-0.000178506,0.699599,-2.96421,0.0873111,0.0747232,0.391021,-1.64834e-06,0.000874198,0.000165324,0.000977259,-0.000104713,0.956102,173.678,1.0293,0.7295
129,-3.33674,-0.789118,0.0560226,0.373977,-1.01898e-06,0.000589661,0.000106329,0.000764029,-0.000175388,0.636498,-2.96421,0.0873111,0.0731408,0.373889,1.74743e-05,0.000791787,0.000157071,0.000910829,-0.000101568,0.907809,174.754,0.9965,0.6319
130,-3.33674,-0.789118,0.054886,0.362487,1.31332e-05,0.000544401,9.96577e-05,0.000726856,-0.000169326,0.638151,-2.96421,0.0873111,0.0716608,0.362548,3.4274e-05,0.000750365,0.000148754,0.000872769,-8.81295e-05,0.885369,175.526,0.9688,0.5546
131,-3.33674,-0.789118,0.0542358,0.350595,3.10626e-05,0.000500954,9.50412e-05,0.000696066,-0.000164049,0.613788,-2.96421,0.0873111,0.070647,0.350653,5.19952e-05,0.000700084,0.000147907,0.000835344,-8.32673e-05,0.870946,176.324,0.9427,0.4957
132,-3.33674,-0.789118,0.0534071,0.337247,5.15271e-05,0.00046047,9.15003e-05,0.000670721,-0.000158725,0.552735,-2.96421,0.0873111,0.069431,0.337358,6.81989e-05,0.000651839,0.000141202,0.000799196,-7.91548e-05,0.80552,177.143,0.9143,0.4222
133,-3.33674,-0.789118,0.0518509,0.319233,6.64359e-05,0.000401006,9.29144e-05,0.000628074,-0.000160635,0.55782,-2.96421,0.0873111,0.0672915,0.319413,8.16051e-05,0.000584793,0.000142185,0.000746814,-8.04149e-05,0.822671,178.254,0.877,0.3362
134,-3.33674,-0.789118,0.0497084,0.305199,7.23268e-05,0.00035323,8.64247e-05,0.000589578,-0.000164021,0.520518,-2.96421,0.0873111,0.0645526,0.305426,8.92231e-05,0.000533124,0.000135983,0.000705053,-8.27079e-05,0.772038,179.181,0.8483,0.287
135,-3.33674,-0.789118,0.0482435,0.291448,8.72268e-05,0.000316782,8.78975e-05,0.000567753,-0.000163746,0.485557,-2.96421,0.0873111,0.0624993,0.291702,0.000101485,0.000494338,0.000139027,0.000674252,-7.84275e-05,0.74269,180.023,0.8187,0.2261
136,-3.33674,-0.789118,0.0463601,0.280063,9.72901e-05,0.000286147,8.33147e-05,0.000542834,-0.000159397,0.477045,-2.96421,0.0873111,0.0600599,0.280382,0.000109179,0.000451651,0.000133841,0.000637721,-7.68885e-05,0.738272,180.76,0.7939,0.1749
137,-3.33674,-0.789118,0.043003,0.271352,0.000114948,0.000244299,7.98935e-05,0.000516766,-0.000157519,0.434107,-2.96421,0.0873111,0.0560302,0.271752,0.000126191,0.000405393,0.000129899,0.000604098,-7.25158e-05,0.671194,181.638,0.7662,0.1353
138,-3.33674,-0.789118,0.0350977,0.264154,0.000115497,0.000198407,7.03404e-05,0.000469781,-0.000155876,0.402298,-2.96421,0.0873111,0.0470901,0.264651,0.000127422,0.000344302,0.000117939,0.000545602,-7.38795e-05,0.628783,182.912,0.7217,0.1034
139,-3.33674,-0.789118,0.0279325,0.26097,0.000117763,0.000177592,6.63131e-05,0.00044558,-0.000150226,0.376404,-2.96421,0.0873111,0.03911,0.261492,0.000125264,0.000314871,0.000111576,0.000512231,-7.20955e-05,0.593142,183.757,0.6944,0.0879
140,-3.33674,-0.789118,0.0184838,0.259258,0.000114765,0.000163657,5.51642e-05,0.000415542,-0.000137116,0.341229,-2.96421,0.0873111,0.0286906,0.259785,0.000120397,0.00028718,9.99477e-05,0.000472626,-6.50488e-05,0.558961,184.681,0.6647,0.0464
141,-3.33674,-0.789118,0.00898719,0.257644,0.000112956,0.000148794,5.18945e-05,0.000389519,-0.00012777,0.328933,-2.96421,0.0873111,0.0182593,0.258224,0.000118929,0.000256454,9.44684e-05,0.000437708,-6.23257e-05,0.532331,185.451,0.6383,0.0271
142,-3.33674,-0.789118,0.00224037,0.253388,0.000113188,0.000115874,4.43892e-05,0.000356089,-0.000127028,0.275193,-2.96421,0.0873111,0.0105749,0.254017,0.000116036,0.000210634,8.56332e-05,0.000394148,-6.74786e-05,0.446821,186.412,0.6084,-0.0087
143,-3.33674,-0.789118,-0.00397972,0.251074,0.000114751,9.3768e-05,3.61146e-05,0.000328119,-0.0001196,0.237118,-2.96421,0.0873111,0.00335633,0.251759,0.000115498,0.000173687,7.80386e-05,0.000352985,-6.37997e-05,0.40963,187.292,0.6077,0.0145
144,-3.33674,-0.789118,-0.00620413,0.250093,0.000105667,9.53547e-05,3.55197e-05,0.000317046,-0.000116025,0.236168,-2.96421,0.0873111,0.000781327,0.250735,0.000106803,0.000170143,7.74446e-05,0.000342828,-6.58829e-05,0.413539,188.256,0.6113,0.0203
145,-3.33674,-0.789118,-0.00648023,0.250354,0.000106738,9.98604e-05,3.5004e-05,0.000321976,-0.000115379,0.24864,-2.96421,0.0873111,0.000464398,0.250977,0.000107001,0.000176479,7.65677e-05,0.000348462,-6.49826e-05,0.420698,189.133,0.6106,0.0271
146,-3.33674,-0.789118,-0.00671566,0.250343,0.000109354,0.000104868,3.53151e-05,0.000325393,-0.000111171,0.235501,-2.96421,0.0873111,0.000227888,0.250954,0.000109997,0.000177176,7.72315e-05,0.000349175,-6.20019e-05,0.404343,189.977,0.6093,0.0319
147,-3.33674,-0.789118,-0.00648895,0.250424,0.000109922,0.000104605,3.42993e-05,0.000324117,-0.000109586,0.236571,-2.96421,0.0873111,0.000437197,0.251037,0.000108243,0.00017987,7.57814e-05,0.000348141,-6.00261e-05,0.424202,190.987,0.6126,0.0309
148,-3.33674,-0.789118,-0.00681376,0.2504,0.000109684,0.000104828,3.42995e-05,0.000325927,-0.000111415,0.232454,-2.96421,0.0873111,0.000107322,0.25101,0.000110478,0.000181718,7.62363e-05,0.000349143,-5.69464e-05,0.431355,191.907,0.6113,0.0319
149,-3.33674,-0.789118,-0.00656143,0.25015,0.000109728,0.000104734,3.47017e-05,0.000324115,-0.000109654,0.242425,-2.96421,0.0873111,0.000345408,0.250792,0.000110577,0.00017985,7.82758e-05,0.000348609,-5.81836e-05,0.43355,192.797,0.6093,0.0377
150,-3.33674,-0.789118,-0.0070453,0.250159,0.000106579,0.000103354,3.45002e-05,0.000319469,-0.000109536,0.241268,-2.96421,0.0873111,-0.000167884,0.250787,0.000104719,0.000177741,7.98209e-05,0.000343103,-6.06433e-05,0.434169,193.79,0.6428,0.3372
151,-3.33674,-0.789118,-0.00484906,0.26154,5.47741e-05,0.000282747,4.78397e-05,0.000418277,-8.07567e-05,0.374093,-2.96421,0.0873111,0.00261709,0.261809,5.61817e-05,0.000376428,9.68213e-05,0.00047095,-3.83407e-05,0.678935,194.909,0.6796,0.5237
152,-3.33674,-0.789118,-0.00243843,0.269404,3.78317e-05,0.000402341,6.28755e-05,0.000512982,-7.28069e-05,0.459081,-2.96421,0.0873111,0.00600267,0.269532,4.28163e-05,0.000516296,0.000116222,0.000590881,-3.17709e-05,0.822964,196.106,0.7188,0.7053
153,-3.33674,-0.789118,0.000433275,0.275914,1.24631e-05,0.000480979,7.76399e-05,0.00057889,-8.54471e-05,0.553463,-2.96421,0.0873111,0.00969854,0.275921,1.8427e-05,0.000605248,0.000138044,0.000674027,-5.03531e-05,0.945423,197.027,0.7488,0.8454
154,-3.33674,-0.789118,0.00397251,0.283558,-7.31538e-06,0.000579724,8.22042e-05,0.00066556,-9.31544e-05,0.550645,-2.96421,0.0873111,0.0141119,0.283519,9.34962e-07,0.000713954,0.000145529,0.000773169,-5.82798e-05,0.958475,198.012,0.7829,0.9845
155,-3.33674,-0.789118,0.00630813,0.291761,-2.33704e-05,0.000644646,9.10314e-05,0.000725746,-0.000104471,0.606394,-2.96421,0.0873111,0.0171561,0.291658,-1.70077e-05,0.000784117,0.000155515,0.000841369,-7.42626e-05,1.02498,198.839,0.8119,1.1063
156,-3.33674,-0.789118,0.0092819,0.302418,-4.38008e-05,0.000718261,9.79997e-05,0.000790414,-0.000115955,0.622638,-2.96421,0.0873111,0.0207505,0.302231,-3.47645e-05,0.000865745,0.000163035,0.000917499,-8.65188e-05,1.0503,199.667,0.8387,1.2048
157,-3.33674,-0.789118,0.0107527,0.31357,-6.59882e-05,0.000794173,0.000103336,0.000861323,-0.000133137,0.644114,-2.96421,0.0873111,0.022898,0.313335,-5.4877e-05,0.000948927,0.000171481,0.000999389,-0.000105336,1.08655,200.608,0.8689,1.3498
158,-3.33674,-0.789118,0.0146198,0.323603,-8.56234e-05,0.000854785,0.000113046,0.0009195,-0.000150335,0.669889,-2.96421,0.0873111,0.0273054,0.323288,-7.70943e-05,0.00101635,0.000182311,0.00106593,-0.00012667,1.11749,201.377,0.8947,1.4754
159,-3.33674,-0.789118,0.015343,0.33554,-0.000103814,0.000936309,0.000117418,0.000995865,-0.000163369,0.674689,-2.96421,0.0873111,0.0286214,0.335185,-9.65013e-05,0.00110155,0.000188717,0.00114958,-0.000144531,1.12563,202.219,0.9227,1.5942
160,-3.33674,-0.789118,0.0182185,0.345678,-0.00012065,0.00100936,0.000123983,0.00106566,-0.000176953,0.692261,-2.96421,0.0873111,0.0321104,0.345334,-0.000107245,0.00118074,0.000198973,0.00122801,-0.000154521,1.1541,203.026,0.9491,1.7305
161,-3.33674,-0.789118,0.0198652,0.357484,-0.000147999,0.00108537,0.000132691,0.00114121,-0.000203834,0.735915,-2.96421,0.0873111,0.0342989,0.35709,-0.000136726,0.00126042,0.00020746,0.00130841,-0.000184722,1.17865,203.819,0.9765,1.8599
162,-3.33674,-0.789118,0.0218819,0.3728,-0.000179095,0.00118515,0.000143355,0.0012382,-0.000232133,0.763044,-2.96421,0.0873111,0.0370971,0.372353,-0.000167429,0.001366,0.000219306,0.00141343,-0.000214856,1.18039,204.952,1.0148,2.0464
163,-3.33674,-0.789118,0.0237506,0.385268,-0.000205708,0.00127532,0.000150781,0.00132669,-0.000257066,0.773667,-2.96421,0.0873111,0.0395224,0.384779,-0.000191933,0.00146162,0.000229496,0.00150928,-0.000239593,1.20662,205.835,1.0425,2.1971
164,-3.33674,-0.789118,0.0249389,0.3973,-0.000225768,0.00135766,0.000157421,0.00140904,-0.000277153,0.767413,-2.96421,0.0873111,0.0412115,0.396791,-0.000216739,0.00154615,0.000239081,0.00159417,-0.000264762,1.19439,206.685,1.068,2.3527
165,-3.33674,-0.789118,0.0260163,0.411906,-0.000252661,0.00146106,0.000165171,0.00151272,-0.000304328,0.778842,-2.96421,0.0873111,0.0428521,0.411339,-0.000243175,0.00165117,0.00024807,0.00169962,-0.000291625,1.2143,207.684,1.1015,2.5256
166,-3.33674,-0.789118,0.0260278,0.425396,-0.000287143,0.00155272,0.000172967,0.00160416,-0.000338579,0.792201,-2.96421,0.0873111,0.0433522,0.42487,-0.000277256,0.00175364,0.000259294,0.00180299,-0.000326612,1.21938,208.605,1.1353,2.6966
167,-3.33674,-0.789118,0.0257936,0.435841,-0.000300659,0.00163169,0.00017965,0.00168182,-0.000350805,0.799711,-2.96421,0.0873111,0.0434678,0.435313,-0.000290628,0.00182702,0.000263402,0.00187594,-0.000339545,1.22143,209.332,1.1607,2.8367
168,-3.33674,-0.789118,0.0256193,0.449796,-0.000332293,0.00173271,0.000186345,0.00178249,-0.00038208,0.795792,-2.96421,0.0873111,0.0437237,0.449226,-0.000322597,0.00193308,0.000269574,0.00198174,-0.000371255,1.20981,210.256,1.1884,3.001
169,-3.33674,-0.789118,0.0251463,0.463917,-0.000370427,0.00183281,0.000198295,0.00188355,-0.000421169,0.812239,-2.96421,0.0873111,0.0436307,0.463356,-0.000359911,0.00203426,0.000285598,0.00208481,-0.000410467,1.25055,211.217,1.2222,3.1904
170,-3.33674,-0.789118,0.0239209,0.477506,-0.000395761,0.00193509,0.000204087,0.00198656,-0.000447215,0.806429,-2.96421,0.0873111,0.0427473,0.476937,-0.000387322,0.00213514,0.000293271,0.00218655,-0.00043873,1.21745,212.136,1.2528,3.3701
171,-3.33674,-0.789118,0.0225387,0.492843,-0.00042222,0.00205132,0.00021469,0.00210272,-0.000473623,0.826997,-2.96421,0.0873111,0.0417054,0.492291,-0.000410264,0.00225592,0.000303964,0.00230856,-0.000462913,1.23038,213.142,1.286,3.573
172,-3.33674,-0.789118,0.0211022,0.507194,-0.000459011,0.00215805,0.000224494,0.00221105,-0.000512002,0.829745,-2.96421,0.0873111,0.0405101,0.506695,-0.000448185,0.00236215,0.000314945,0.002416,-0.00050204,1.23378,214.068,1.316,3.7537
173,-3.33674,-0.789118,0.0195633,0.52014,-0.000478691,0.00225684,0.000232102,0.00231086,-0.00053272,0.818475,-2.96421,0.0873111,0.0391406,0.519652,-0.000468553,0.00246261,0.00032302,0.00251748,-0.00052343,1.2146,214.905,1.3466,3.9276
174,-3.33674,-0.789118,0.0175345,0.534042,-0.000514748,0.0023627,0.000237257,0.00241581,-0.00056785,0.822762,-2.96421,0.0873111,0.0373529,0.533561,-0.000504185,0.00256757,0.000328419,0.00262219,-0.000558803,1.20543,215.836,1.3759,4.1063
175,-3.33674,-0.789118,0.0164733,0.547654,-0.000544725,0.00246114,0.000243711,0.00251562,-0.000599198,0.805448,-2.96421,0.0873111,0.0364552,0.547139,-0.000537212,0.00267124,0.00033704,0.00272716,-0.000593113,1.186,216.72,1.4065,4.2909
176,-3.33674,-0.789118,0.0154488,0.559639,-0.000567703,0.0025503,0.000250898,0.00260553,-0.000622928,0.826295,-2.96421,0.0873111,0.0355629,0.559158,-0.000560741,0.00275534,0.000341508,0.0028114,-0.000616802,1.20496,217.489,1.4316,4.4435
177,-3.33674,-0.789118,0.0131826,0.576201,-0.000604822,0.00267092,0.000259883,0.00272799,-0.000661903,0.811757,-2.96421,0.0873111,0.0334295,0.575686,-0.000599648,0.0028755,0.000351577,0.00293293,-0.00065708,1.19042,218.528,1.4664,4.657
178,-3.33674,-0.789118,0.0117041,0.589126,-0.00063842,0.00276289,0.000267233,0.00282098,-0.000696499,0.810906,-2.96421,0.0873111,0.0320385,0.588685,-0.00063603,0.00296651,0.000357951,0.00302478,-0.000694301,1.17037,219.323,1.4934,4.8213
179,-3.33674,-0.789118,0.00955573,0.600943,-0.000666739,0.00285122,0.00027206,0.00290942,-0.000724929,0.792564,-2.96421,0.0873111,0.0299441,0.600433,-0.000663459,0.00305476,0.000363763,0.00311369,-0.000722382,1.15192,220.104,1.5234,4.9807
180,-3.33674,-0.789118,0.00731696,0.615741,-0.000698712,0.00296037,0.000280459,0.00302015,-0.000758486,0.781077,-2.96421,0.0873111,0.0277538,0.615247,-0.000694612,0.00316319,0.000373242,0.00322368,-0.000755096,1.14413,221.014,1.5501,5.1682
181,-3.33674,-0.789118,0.00517339,0.627123,-0.000725082,0.00305051,0.000289435,0.00311148,-0.000786041,0.792489,-2.96421,0.0873111,0.0256548,0.626659,-0.00072557,0.00324875,0.000380237,0.00330998,-0.000786802,1.15075,221.76,1.5726,5.3276
182,-3.33674,-0.789118,0.0018564,0.642857,-0.00076431,0.00316714,0.000295046,0.00322893,-0.000826092,0.771745,-2.96421,0.0873111,0.0223475,0.642414,-0.000762625,0.00336495,0.000386646,0.00342653,-0.000824199,1.14653,222.762,1.609,5.5353
183,-3.33674,-0.789118,-0.000863786,0.65624,-0.000792022,0.00326189,0.000300806,0.00332505,-0.000855167,0.752198,-2.96421,0.0873111,0.0196341,0.65579,-0.000790164,0.00346212,0.000391613,0.00352461,-0.000852656,1.12557,223.607,1.6374,5.7131
184,-3.33674,-0.789118,-0.00521016,0.672075,-0.000830442,0.00337782,0.000312687,0.00344305,-0.000895654,0.762722,-2.96421,0.0873111,0.0152646,0.671649,-0.000830559,0.00357132,0.000401114,0.00363504,-0.000894273,1.12589,224.603,1.6667,5.9218
185,-3.33674,-0.789118,-0.00801633,0.685793,-0.000862523,0.00347896,0.000318421,0.00354475,-0.00092831,0.761485,-2.96421,0.0873111,0.0124366,0.685359,-0.000865397,0.00367026,0.000407528,0.00373458,-0.000929711,1.1051,225.482,1.6973,6.1179
186,-3.33674,-0.789118,-0.0123122,0.698605,-0.000894836,0.00357277,0.00032314,0.00364008,-0.000962151,0.742154,-2.96421,0.0873111,0.00807337,0.698191,-0.000897356,0.00376557,0.000412824,0.00383052,-0.000962292,1.10413,226.288,1.724,6.2706
187,-3.33674,-0.789118,-0.016044,0.712515,-0.000926111,0.00367242,0.000328844,0.00374037,-0.000994068,0.729358,-2.96421,0.0873111,0.00426728,0.712125,-0.000928962,0.00386256,0.000416625,0.00392789,-0.000994281,1.08368,227.145,1.7536,6.4542
188,-3.33674,-0.789118,-0.021618,0.727986,-0.000966243,0.0037884,0.000335952,0.00385779,-0.00103564,0.722289,-2.96421,0.0873111,-0.0014038,0.727606,-0.000970218,0.00397518,0.000423254,0.00404161,-0.00103664,1.06731,228.182,1.7862,6.6629
189,-3.33674,-0.789118,-0.0253966,0.740994,-0.000999332,0.00388016,0.000346329,0.00395186,-0.00107103,0.722885,-2.96421,0.0873111,-0.00527211,0.740644,-0.001004,0.00406655,0.000433403,0.00413463,-0.00107209,1.06961,228.989,1.8174,6.8358
190,-3.33674,-0.789118,-0.0287883,0.751491,-0.00102654,0.00395511,0.000350168,0.00402701,-0.00109844,0.708043,-2.96421,0.0873111,-0.00874768,0.751143,-0.00103144,0.00413506,0.000437775,0.00420379,-0.00110016,1.04618,229.608,1.8338,6.9682
191,-3.33674,-0.789118,-0.0309776,0.758811,-0.00104378,0.00400802,0.000353703,0.00408065,-0.00111642,0.698047,-2.96421,0.0873111,-0.0109821,0.758507,-0.00104837,0.00419196,0.000440409,0.00426075,-0.00111716,1.03551,230.068,1.8499,7.0629
192,-3.33674,-0.789118,-0.0332268,0.767199,-0.00106023,0.00406546,0.000355868,0.00413878,-0.00113353,0.680425,-2.96421,0.0873111,-0.013307,0.766898,-0.00107015,0.00424609,0.000443799,0.00431531,-0.00113935,1.01027,230.527,1.8654,7.1518
193,-3.33674,-0.789118,-0.0361384,0.774682,-0.00108249,0.00412308,0.000362026,0.00419668,-0.00115609,0.692882,-2.96421,0.0873111,-0.0162816,0.774396,-0.00108735,0.00430499,0.000446654,0.00437438,-0.00115676,1.03573,230.987,1.8812,7.2416
194,-3.33674,-0.789118,-0.0384729,0.782857,-0.0011009,0.00417921,0.000364625,0.00425382,-0.00117551,0.685567,-2.96421,0.0873111,-0.0186554,0.782563,-0.00110715,0.00435689,0.000449891,0.00442724,-0.00117751,1.00752,231.446,1.8925,7.3276
195,-3.33674,-0.789118,-0.0408583,0.790438,-0.00112151,0.00423134,0.000367674,0.00430654,-0.0011967,0.685129,-2.96421,0.0873111,-0.0211101,0.790177,-0.00112683,0.00441056,0.000451632,0.00448048,-0.00119673,1.01606,231.906,1.9169,7.4271
196,-3.33674,-0.789118,-0.0430075,0.798296,-0.00114128,0.00428733,0.000368785,0.00436322,-0.00121719,0.661569,-2.96421,0.0873111,-0.0233136,0.798068,-0.00114892,0.00446393,0.000454339,0.00453499,-0.00121999,0.987562,232.366,1.9266,7.5305
197,-3.33674,-0.789118,-0.0453538,0.806364,-0.00115273,0.00434468,0.000375505,0.00442175,-0.00122979,0.675796,-2.96421,0.0873111,-0.0256892,0.806123,-0.00116423,0.00451863,0.000460972,0.00459035,-0.00123596,1.00907,232.826,1.9437,7.6117
198,-3.33674,-0.789118,-0.0475988,0.814032,-0.00117643,0.00439578,0.000380479,0.0044735,-0.00125415,0.66715,-2.96421,0.0873111,-0.0279975,0.813799,-0.00118707,0.00456886,0.000463485,0.00464109,-0.00125931,0.999038,233.285,1.9569,7.6841
199,-3.33674,-0.789118,-0.0499463,0.822317,-0.00119456,0.00444945,0.000381798,0.00452772,-0.00127283,0.663421,-2.96421,0.0873111,-0.0303738,0.822107,-0.00120379,0.00461881,0.000464902,0.00469148,-0.00127644,0.98291,233.745,1.9714,7.7837
200,-3.33674,-0.789118,-0.0523607,0.829705,-0.00121095,0.00449982,0.000384432,0.00457883,-0.00128993,0.648867,-2.96421,0.0873111,-0.0328341,0.829495,-0.00121777,0.00466792,0.000464615,0.00474071,-0.00129057,0.962545,234.205,1.9887,7.8716
201,-3.33674,-0.789118,-0.0543675,0.837836,-0.00123498,0.00455371,0.000392182,0.00463379,-0.00131501,0.660998,-2.96421,0.0873111,-0.034878,0.837647,-0.00124404,0.00472496,0.000475755,0.00479905,-0.00131816,0.983502,234.664,2.0049,7.9634
202,-3.33674,-0.789118,-0.056385,0.84499,-0.00125007,0.00460749,0.000397958,0.004689,-0.00133155,0.666095,-2.96421,0.0873111,-0.0369082,0.844835,-0.00126068,0.00477748,0.000479327,0.00485211,-0.0013353,0.991847,235.124,2.0181,8.0465
203,-3.33674,-0.789118,-0.0587333,0.853479,-0.00126811,0.00465979,0.000402282,0.00474176,-0.00135008,0.669235,-2.96421,0.0873111,-0.0392782,0.853296,-0.00128072,0.00482774,0.000482607,0.00490254,-0.00135552,0.988956,235.584,2.0351,8.1238
204,-3.33674,-0.789118,-0.0604255,0.860825,-0.00128658,0.00470929,0.00040281,0.0047916,-0.00136888,0.656156,-2.96421,0.0873111,-0.0410008,0.860691,-0.00129957,0.00487525,0.000482585,0.00495012,-0.00137442,0.974501,236.043,2.0522,8.2088
205,-3.33674,-0.789118,-0.0628759,0.868928,-0.00130699,0.00476405,0.000405271,0.00484707,-0.00139001,0.656114,-2.96421,0.0873111,-0.043471,0.868804,-0.00131795,0.0049304,0.000486103,0.00500628,-0.00139384,0.974374,236.503,2.0641,8.2899
206,-3.33674,-0.789118,-0.0643835,0.876297,-0.00132596,0.00481421,0.000410337,0.00489788,-0.00140962,0.659283,-2.96421,0.0873111,-0.0449795,0.87623,-0.00133564,0.00497698,0.000489381,0.00505321,-0.00141186,0.964553,236.962,2.0805,8.3759
207,-3.33674,-0.789118,-0.0667656,0.884085,-0.00134365,0.00485764,0.000412222,0.00494147,-0.00142747,0.657484,-2.96421,0.0873111,-0.0473614,0.883995,-0.00135432,0.00501979,0.000490923,0.0050955,-0.00143006,0.975373,237.422,2.0966,8.4455
208,-3.33674,-0.789118,-0.0682421,0.891733,-0.00136168,0.0049083,0.00041706,0.00499371,-0.00144711,0.644375,-2.96421,0.0873111,-0.0488924,0.891618,-0.00137547,0.00507045,0.000496033,0.00514742,-0.00145244,0.958896,237.882,2.1089,8.5296
209,-3.33674,-0.789118,-0.0699611,0.899644,-0.00137976,0.00495763,0.000421516,0.00504376,-0.00146592,0.628462,-2.96421,0.0873111,-0.0506156,0.899527,-0.00139363,0.00511868,0.000497937,0.00519629,-0.00147124,0.939431,238.342,2.1243,8.6059
210,-3.33674,-0.789118,-0.0718944,0.907308,-0.00139207,0.00500633,0.000428575,0.00509323,-0.00147898,0.64648,-2.96421,0.0873111,-0.0525238,0.90718,-0.00140684,0.0051648,0.00050381,0.00524272,-0.00148477,0.954843,238.801,2.1421,8.6919
211,-3.33674,-0.789118,-0.0734527,0.915655,-0.00140287,0.00505054,0.000431769,0.00513895,-0.00149128,0.634088,-2.96421,0.0873111,-0.0541027,0.915584,-0.0014173,0.00520812,0.000506971,0.00528707,-0.00149625,0.942106,239.261,2.1553,8.7682
212,-3.33674,-0.789118,-0.0744481,0.923402,-0.00142635,0.00509887,0.000436237,0.00518741,-0.00151492,0.640832,-2.96421,0.0873111,-0.0550958,0.923326,-0.00144161,0.00525392,0.000510747,0.00533308,-0.00152076,0.941672,239.721,2.172,8.8465
213,-3.33674,-0.789118,-0.0762995,0.931176,-0.00144111,0.00513862,0.000438083,0.00522842,-0.00153092,0.634218,-2.96421,0.0873111,-0.0569539,0.931115,-0.00145797,0.00529566,0.000510788,0.0053754,-0.00153769,0.943809,240.18,2.1839,8.916
214,-3.33674,-0.789118,-0.0770761,0.939487,-0.00146121,0.005186,0.000439797,0.00527582,-0.00155099,0.631667,-2.96421,0.0873111,-0.0577091,0.939443,-0.00147805,0.00533827,0.000512933,0.00541815,-0.00155793,0.92561,240.64,2.2023,8.9895
215,-3.33674,-0.789118,-0.0789499,0.947321,-0.00147379,0.0052336,0.000446076,0.00532493,-0.00156511,0.634237,-2.96421,0.0873111,-0.0596037,0.947253,-0.00149198,0.00538847,0.000517757,0.0054693,-0.00157283,0.928423,241.1,2.2184,9.0745
216,-3.33674,-0.789118,-0.0801786,0.955323,-0.00148929,0.00528186,0.000451296,0.00537429,-0.00158167,0.626206,-2.96421,0.0873111,-0.0608335,0.955276,-0.00150764,0.00543385,0.000522588,0.00551548,-0.00158931,0.922885,241.559,2.2332,9.1499
217,-3.33674,-0.789118,-0.0815298,0.9628,-0.00150908,0.00532634,0.000453483,0.00541901,-0.00160174,0.631731,-2.96421,0.0873111,-0.0621819,0.962756,-0.00152864,0.00547501,0.000526285,0.00555706,-0.00161071,0.931597,242.019,2.2483,9.2165
218,-3.33674,-0.789118,-0.0827438,0.971015,-0.00152556,0.00536991,0.000457958,0.00546354,-0.00161922,0.629309,-2.96421,0.0873111,-0.0634035,0.970969,-0.0015434,0.0055208,0.000528052,0.00560309,-0.00162568,0.931964,242.49,2.2619,9.2851
219,-3.33674,-0.789118,-0.083736,0.9791,-0.00154009,0.00541706,0.00046131,0.00551134,-0.00163436,0.624152,-2.96421,0.0873111,-0.0643931,0.979074,-0.00156047,0.00556544,0.000529216,0.00564785,-0.00164288,0.915575,242.99,2.2783,9.3644
220,-3.33674,-0.789118,-0.0853266,0.986858,-0.00155953,0.00546292,0.000466623,0.00555842,-0.00165498,0.625508,-2.96421,0.0873111,-0.0659542,0.98685,-0.00157682,0.00561297,0.000537251,0.00569695,-0.00166081,0.918299,243.49,2.2966,9.4446
221,-3.33674,-0.789118,-0.0862253,0.995148,-0.00157011,0.00550737,0.000472174,0.00560381,-0.00166657,0.622948,-2.96421,0.0873111,-0.0668873,0.995109,-0.00159107,0.0056564,0.000540847,0.00574117,-0.00167582,0.905851,243.99,2.3137,9.5189
222,-3.33674,-0.789118,-0.0871413,1.00274,-0.00158788,0.00555454,0.000474915,0.00565176,-0.00168513,0.609289,-2.96421,0.0873111,-0.0677951,1.00272,-0.00160668,0.00570051,0.000542233,0.00578542,-0.00169159,0.900935,244.49,2.3314,9.5972
223,-3.33674,-0.789118,-0.0880461,1.01083,-0.00160382,0.00560241,0.000478277,0.00570032,-0.00170173,0.616929,-2.96421,0.0873111,-0.0687027,1.01082,-0.00162407,0.00574442,0.000544494,0.00582962,-0.00170924,0.903781,244.99,2.3466,9.6726
224,-3.33674,-0.789118,-0.0890419,1.01892,-0.00161608,0.00564666,0.000483309,0.00574608,-0.0017155,0.611497,-2.96421,0.0873111,-0.0697057,1.01892,-0.00163538,0.005789,0.000548666,0.00587509,-0.00172146,0.901505,245.49,2.3643,9.7537
225,-3.33674,-0.789118,-0.0897004,1.02684,-0.00163074,0.00568949,0.000486028,0.00578958,-0.00173082,0.620367,-2.96421,0.0873111,-0.0703666,1.02683,-0.00165561,0.00583174,0.000553659,0.00591867,-0.00174256,0.90563,245.99,2.383,9.8194
226,-3.33674,-0.789118,-0.0906004,1.03455,-0.00164699,0.00573624,0.000493273,0.00583711,-0.00174787,0.627185,-2.96421,0.0873111,-0.0712596,1.03454,-0.00166596,0.00587834,0.000557137,0.00596561,-0.00175323,0.911487,246.49,2.3978,9.9122
227,-3.33674,-0.789118,-0.0914975,1.04296,-0.00166129,0.00578064,0.000495928,0.00588286,-0.00176351,0.61301,-2.96421,0.0873111,-0.0721859,1.04297,-0.00168477,0.00591853,0.00055929,0.00600669,-0.00177293,0.894984,246.99,2.4165,9.9953
228,-3.33674,-0.789118,-0.0921244,1.05051,-0.0016797,0.00582426,0.000499671,0.00592724,-0.0017827,0.613974,-2.96421,0.0873111,-0.0728141,1.05053,-0.00170282,0.00596251,0.000563069,0.0060513,-0.00179161,0.897486,247.49,2.4309,10.0591
229,-3.33674,-0.789118,-0.0932485,1.05894,-0.00169806,0.00586943,0.000504949,0.0059732,-0.00180182,0.616668,-2.96421,0.0873111,-0.0739423,1.05897,-0.00172143,0.00600626,0.000567844,0.00609561,-0.00181079,0.898934,247.99,2.4448,10.1354
230,-3.33674,-0.789118,-0.0942421,1.06641,-0.00170841,0.00591233,0.000508549,0.00601731,-0.00181336,0.611787,-2.96421,0.0873111,-0.07493,1.06642,-0.0017312,0.00604926,0.00057107,0.00613953,-0.00182146,0.889812,248.49,2.4657,10.1963
231,-3.33674,-0.789118,-0.0947484,1.07468,-0.00172111,0.00595698,0.000512882,0.0060623,-0.00182645,0.609327,-2.96421,0.0873111,-0.0754496,1.0747,-0.00174944,0.00609199,0.000575044,0.0061825,-0.00183993,0.886386,248.99,2.4773,10.2871
232,-3.33674,-0.789118,-0.0961825,1.08241,-0.00173566,0.00600187,0.000515217,0.00610805,-0.00184186,0.603302,-2.96421,0.0873111,-0.076891,1.08244,-0.00176117,0.00613602,0.000576115,0.00622692,-0.00185207,0.874442,249.49,2.5105,10.3663
233,-3.33674,-0.789118,-0.0969681,1.09003,-0.0017543,0.00604719,0.000519549,0.00615401,-0.0018611,0.608567,-2.96421,0.0873111,-0.0776785,1.09007,-0.0017778,0.00617956,0.00057913,0.00627091,-0.00186914,0.884855,249.99,2.5144,10.4446
234,-3.33674,-0.789118,-0.0975922,1.09831,-0.0017678,0.00609033,0.000523291,0.00619831,-0.00187576,0.600055,-2.96421,0.0873111,-0.0783167,1.09834,-0.00179328,0.00622199,0.000581893,0.00631395,-0.0018852,0.873594,250.49,2.5308,10.4793
235,-3.33674,-0.789118,-0.0986884,1.10636,-0.00178223,0.00613679,0.000531388,0.0062461,-0.00189157,0.608258,-2.96421,0.0873111,-0.0794336,1.1064,-0.00180684,0.00626554,0.0005875,0.00635853,-0.00189985,0.87796,250.99,2.5482,10.5856
236,-3.33674,-0.789118,-0.0997294,1.11419,-0.00180109,0.00618205,0.000533552,0.00629251,-0.00191155,0.603009,-2.96421,0.0873111,-0.0804715,1.11425,-0.00182515,0.00631176,0.000590903,0.00640558,-0.00191897,0.872744,251.49,2.564,10.6639
237,-3.33674,-0.789118,-0.100791,1.12251,-0.00181358,0.00622827,0.00053682,0.00633909,-0.0019244,0.602049,-2.96421,0.0873111,-0.081537,1.12256,-0.00183949,0.00635548,0.00059372,0.00644923,-0.00193325,0.878721,251.99,2.5788,10.7402
238,-3.33674,-0.789118,-0.101334,1.13009,-0.00182769,0.00627185,0.000542373,0.00638357,-0.00193943,0.604706,-2.96421,0.0873111,-0.0820938,1.13015,-0.00185465,0.00639889,0.000598903,0.00649349,-0.00194928,0.883912,252.49,2.5968,10.8156
239,-3.33674,-0.789118,-0.10286,1.13823,-0.00184403,0.00631857,0.0005469,0.00643115,-0.00195664,0.590458,-2.96421,0.0873111,-0.0836017,1.13829,-0.00186906,0.00644287,0.000601504,0.00653813,-0.00196432,0.872514,252.99,2.6165,10.8871
240,-3.33674,-0.789118,-0.103754,1.14606,-0.00185872,0.00636737,0.000549901,0.00648104,-0.00197235,0.597144,-2.96421,0.0873111,-0.0845165,1.14614,-0.00188592,0.00648886,0.000604386,0.00658433,-0.00198141,0.869953,253.49,2.6313,10.9644
241,-3.33674,-0.789118,-0.104451,1.15446,-0.00187171,0.00641179,0.000554925,0.00652643,-0.0019864,0.59615,-2.96421,0.0873111,-0.0852303,1.15453,-0.00190118,0.00653231,0.000608737,0.00662871,-0.00199755,0.864072,253.99,2.647,11.0368
242,-3.33674,-0.789118,-0.105588,1.16235,-0.00189115,0.0064559,0.000558912,0.00657139,-0.00200662,0.59623,-2.96421,0.0873111,-0.0863691,1.16243,-0.00191919,0.00657717,0.000612341,0.00667422,-0.00201623,0.864609,254.49,2.6615,11.1151
243,-3.33674,-0.789118,-0.10647,1.17044,-0.0019065,0.00650408,0.000563463,0.00662058,-0.00202301,0.595133,-2.96421,0.0873111,-0.0872578,1.17052,-0.00193493,0.006622,0.000617065,0.00671982,-0.00203275,0.866427,254.99,2.6812,11.2001
244,-3.33674,-0.789118,-0.10787,1.17825,-0.00192282,0.00654901,0.000568503,0.00666605,-0.00203987,0.591654,-2.96421,0.0873111,-0.0886743,1.17834,-0.00195014,0.00666644,0.000618978,0.00676444,-0.00204816,0.856977,255.49,2.6976,11.2697
245,-3.33674,-0.789118,-0.10887,1.18659,-0.00193839,0.00659645,0.000573076,0.00671512,-0.00205708,0.5929,-2.96421,0.0873111,-0.0896868,1.18667,-0.00196857,0.0067108,0.000621925,0.00680973,-0.0020675,0.862027,255.99,2.715,11.3422
246,-3.33674,-0.789118,-0.109719,1.1945,-0.00195323,0.00664193,0.000575401,0.00676068,-0.00207197,0.59235,-2.96421,0.0873111,-0.0905388,1.19459,-0.00198333,0.00675527,0.000624469,0.00685415,-0.00208221,0.860869,256.49,2.7295,11.4243
247,-3.33674,-0.789118,-0.110401,1.20253,-0.00196693,0.00668667,0.000582583,0.00680717,-0.00208745,0.597987,-2.96421,0.0873111,-0.0912982,1.20259,-0.00199692,0.0067983,0.000628622,0.0068986,-0.0020972,0.863849,256.99,2.7488,11.5064
248,-3.33674,-0.789118,-0.111612,1.2101,-0.00198148,0.00673015,0.00058703,0.00685202,-0.00210336,0.597551,-2.96421,0.0873111,-0.0925126,1.21013,-0.00201379,0.00684313,0.000634292,0.00694439,-0.00211504,0.863966,257.49,2.7623,11.576
249,-3.33674,-0.789118,-0.112382,1.21832,-0.00199957,0.00677934,0.000590683,0.00690138,-0.00212162,0.595313,-2.96421,0.0873111,-0.0933092,1.21837,-0.00203088,0.00688466,0.000637305,0.00698625,-0.00213247,0.861595,257.99,2.7785,11.6542
250,-3.33674,-0.789118,-0.113058,1.22636,-0.00201721,0.0068238,0.000595153,0.00694709,-0.00214054,0.589671,-2.96421,0.0873111,-0.0940008,1.22646,-0.00204632,0.00693356,0.000644432,0.00703657,-0.00214928,0.863788,258.49,2.7965,11.746
251,-3.33674,-0.789118,-0.113719,1.23441,-0.00202869,0.00686863,0.000601397,0.00699345,-0.00215352,0.593167,-2.96421,0.0873111,-0.094655,1.23454,-0.00206006,0.00697933,0.000644672,0.00708234,-0.00216308,0.853189,258.99,2.8123,11.8001
252,-3.33674,-0.789118,-0.114993,1.2422,-0.00204417,0.0069162,0.000605213,0.00704181,-0.00216975,0.593122,-2.96421,0.0873111,-0.0959569,1.24226,-0.00207664,0.00702755,0.000647809,0.00713113,-0.00218023,0.859901,259.49,2.8316,11.8803
253,-3.33674,-0.789118,-0.115843,1.24967,-0.00206164,0.00695957,0.000607422,0.00708593,-0.00218801,0.586238,-2.96421,0.0873111,-0.0968074,1.24967,-0.00209628,0.00706438,0.00065196,0.00716884,-0.00220072,0.853757,259.99,2.8461,11.9538
254,-3.33674,-0.789118,-0.116689,1.25768,-0.00207875,0.00700393,0.00061252,0.00713151,-0.00220634,0.589412,-2.96421,0.0873111,-0.0976494,1.25774,-0.00210716,0.00711441,0.000655918,0.00721967,-0.00221239,0.854114,260.49,2.8619,12.0282
255,-3.33674,-0.789118,-0.115346,1.26527,-0.00209815,0.00705504,0.000626021,0.00718279,-0.00222586,0.60969,-2.96421,0.0873111,-0.0959861,1.26509,-0.00212385,0.00716117,0.000668372,0.0072679,-0.00223056,0.87182,260.99,2.8796,12.0919
256,-3.33674,-0.789118,-0.115855,1.27353,-0.00211804,0.00711035,0.000632671,0.00723902,-0.00224672,0.611105,-2.96421,0.0873111,-0.0963928,1.2733,-0.00214442,0.00721905,0.000672211,0.0073259,-0.00225126,0.867523,261.49,2.8973,12.1644
257,-3.33674,-0.789118,-0.116744,1.28149,-0.0021362,0.00714948,0.000636383,0.0072791,-0.0022658,0.606593,-2.96421,0.0873111,-0.097292,1.28121,-0.00216106,0.00725791,0.000673335,0.00736563,-0.0022688,0.856663,261.99,2.9124,12.261
258,-3.33674,-0.789118,-0.117776,1.28973,-0.00214819,0.00720145,0.000644238,0.0073327,-0.00227942,0.611657,-2.96421,0.0873111,-0.0983131,1.28945,-0.00217481,0.00730784,0.00068268,0.00741689,-0.00228382,0.866851,262.49,2.9289,12.319
259,-3.33674,-0.789118,-0.118604,1.29741,-0.00216761,0.0072484,0.000647988,0.00738029,-0.00229956,0.607321,-2.96421,0.0873111,-0.0991271,1.29711,-0.00219566,0.00735572,0.000684614,0.00746557,-0.0023055,0.854824,262.99,2.9462,12.3866
260,-3.33674,-0.789118,-0.119198,1.30514,-0.00217651,0.00729762,0.000651298,0.00743037,-0.00230926,0.599891,-2.96421,0.0873111,-0.0997261,1.30494,-0.00220511,0.00740743,0.000686273,0.00751778,-0.00231543,0.849106,263.49,2.963,12.4717
261,-3.33674,-0.789118,-0.119805,1.31295,-0.00218835,0.00734892,0.000657836,0.00748373,-0.00232316,0.608139,-2.96421,0.0873111,-0.100275,1.31262,-0.00221617,0.00745887,0.000693756,0.0075712,-0.00232851,0.851085,263.99,2.9791,12.5422
262,-3.33674,-0.789118,-0.12066,1.32116,-0.00220755,0.00739349,0.000666124,0.00752999,-0.00234408,0.606682,-2.96421,0.0873111,-0.101136,1.3208,-0.00223685,0.00750074,0.00070263,0.00761462,-0.00235072,0.857069,264.49,2.9968,12.6224
263,-3.33674,-0.789118,-0.121537,1.32876,-0.00222074,0.00744029,0.000669177,0.00757797,-0.00235851,0.601175,-2.96421,0.0873111,-0.102014,1.32836,-0.00224992,0.00755249,0.000703523,0.00766766,-0.00236506,0.840522,264.99,3.0184,12.6929
264,-3.33674,-0.789118,-0.122834,1.33671,-0.00223752,0.00748949,0.000670757,0.00762831,-0.00237626,0.594536,-2.96421,0.0873111,-0.103308,1.33628,-0.00226403,0.00760385,0.000704594,0.00771926,-0.00237947,0.83294,265.49,3.0274,12.776
265,-3.33833,-0.791936,-0.122118,1.34406,-0.00224362,0.00752041,0.000683385,0.00766732,-0.00239048,0.593598,-2.96751,0.0815349,-0.102479,1.34337,-0.00227291,0.00763161,0.000722106,0.00776132,-0.00240264,0.832032,265.99,3.0464,12.8485
266,-3.33806,-0.79147,-0.123684,1.35323,-0.00225746,0.00756502,0.000692259,0.00771699,-0.0024094,0.584104,-2.96695,0.0824903,-0.104053,1.35261,-0.0022876,0.0076709,0.000734775,0.00780857,-0.00242526,0.817374,266.49,3.0632,12.918
267,-3.33915,-0.793348,-0.124154,1.35989,-0.00227192,0.00761281,0.000693117,0.007763,-0.00242214,0.578877,-2.96922,0.0786367,-0.10448,1.3591,-0.00229975,0.00771798,0.000728315,0.0078512,-0.00243299,0.808472,266.99,3.0748,13.0011
268,-3.34019,-0.797359,-0.123971,1.36823,-0.00228454,0.00767123,0.000708258,0.00782626,-0.0024395,0.586082,-2.96695,0.0824903,-0.104249,1.36749,-0.00231368,0.00778435,0.000751077,0.00792707,-0.00245639,0.818478,267.49,3.0954,13.0601
269,-3.34476,-0.810554,-0.123892,1.37585,-0.00230205,0.00770561,0.000716468,0.00786543,-0.00246188,0.588104,-2.96859,0.079577,-0.104154,1.3751,-0.00232917,0.0078183,0.000761545,0.00796771,-0.0024786,0.822305,267.99,3.1157,13.1528
270,-3.5524,-13.7405,0.189582,0.27947,0.000373363,0.000166381,4.22148e-05,0.000672242,-0.0001325,0.220561,-3.22708,-2.12116,0.214617,0.281569,0.00024336,7.25383e-05,0.000226581,0.000548274,-0.000232376,0.60727,268.49,3.1305,-0.0097
271,-3.55155,-13.7381,0.191388,0.280251,0.000386715,0.000154184,3.5882e-05,0.000674366,-0.000133466,0.198393,-3.22662,-2.11876,0.216834,0.282167,0.000263505,5.85876e-05,0.000221037,0.00054652,-0.000224427,0.564787,268.99,3.1221,-0.001
272,-3.55251,-13.7393,0.201178,0.278969,0.000404949,0.000148207,3.56365e-05,0.000681132,-0.000127979,0.203764,-3.22728,-2.11984,0.226839,0.280768,0.000278467,5.49379e-05,0.000217935,0.000551599,-0.000218196,0.569632,269.49,3.1237,-0.0039
273,-3.55254,-13.7368,0.200465,0.278515,0.000396494,0.000144271,3.21243e-05,0.000673497,-0.000132732,0.202239,-3.22832,-2.11734,0.226169,0.280289,0.00027552,4.77033e-05,0.000212269,0.000547147,-0.000223924,0.569435,269.99,3.1253,-0.0126
274,-3.55155,-13.7381,0.19931,0.279101,0.000397609,0.000146704,3.58887e-05,0.000671292,-0.000126979,0.203592,-3.22662,-2.11876,0.224987,0.280846,0.000275923,5.03005e-05,0.000218375,0.000542389,-0.000216165,0.566922,270.49,3.1253,-0.0039
275,-3.55142,-13.7382,0.199829,0.279024,0.000400424,0.000141703,3.51429e-05,0.000674548,-0.000132419,0.206754,-3.2264,-2.11887,0.22554,0.280735,0.000275026,4.51489e-05,0.000217645,0.000543806,-0.000223629,0.572733,270.99,3.1221,-0.0068
276,-3.55257,-13.7359,0.200196,0.278586,0.000406362,0.00013541,3.32447e-05,0.000673375,-0.000131602,0.193633,-3.22744,-2.11637,0.225926,0.28029,0.000282221,3.66615e-05,0.000214931,0.000543626,-0.000224744,0.553414,271.49,3.124,-0.0029
277,-3.55201,-13.7358,0.199817,0.278409,0.000409787,0.000138427,3.43644e-05,0.000678301,-0.000130086,0.20626,-3.22744,-2.11637,0.225586,0.280081,0.000287806,4.34171e-05,0.000210983,0.000551984,-0.000220761,0.56509,271.99,3.1234,-0.0068
278,-3.55198,-13.7383,0.199828,0.277995,0.000401128,0.000135657,3.5368e-05,0.000671663,-0.000134877,0.20022,-3.2264,-2.11887,0.225575,0.279625,0.000277554,3.82875e-05,0.000219879,0.000541431,-0.000225588,0.562486,272.49,3.1221,-0.0019
279,-3.55257,-13.7359,0.200212,0.278348,0.000404955,0.000132629,3.26277e-05,0.000674497,-0.00013691,0.195565,-3.22744,-2.11637,0.225982,0.279991,0.000284807,3.70319e-05,0.000213542,0.000546924,-0.000225086,0.552297,272.99,3.1244,-0.0126
280,-3.55198,-13.7383,0.199954,0.278814,0.000406271,0.000139026,3.63046e-05,0.000674222,-0.000128927,0.199187,-3.2264,-2.11887,0.225703,0.280486,0.000284526,4.43965e-05,0.000218782,0.000545417,-0.000216495,0.558576,273.49,3.1266,-0.0029
281,-3.55257,-13.7359,0.200771,0.277614,0.000408612,0.000131118,3.33851e-05,0.00067427,-0.00013454,0.202306,-3.22744,-2.11637,0.226555,0.279213,0.00028444,3.58186e-05,0.000213778,0.00054355,-0.000223291,0.563684,273.99,3.1237,-0.0058
282,-3.55142,-13.7382,0.2018,0.280511,0.000401798,0.000134567,3.41713e-05,0.000668729,-0.000132367,0.194807,-3.2264,-2.11887,0.227562,0.282092,0.000281106,3.68172e-05,0.000216652,0.000540131,-0.000222209,0.555255,274.49,3.124,-0.001
283,-3.55198,-13.7383,0.199554,0.275428,0.00041022,0.000128832,3.0819e-05,0.000674655,-0.000135606,0.197604,-3.2264,-2.11887,0.225355,0.276978,0.00028599,3.21741e-05,0.00021304,0.000541949,-0.000223785,0.552034,274.99,3.1244,-0.0068
284,-3.55198,-13.7383,0.200547,0.278467,0.000409235,0.00013025,3.64097e-05,0.000673106,-0.00013362,0.198647,-3.2264,-2.11887,0.226315,0.280014,0.000289748,3.08688e-05,0.000217239,0.000544426,-0.000223809,0.557325,275.49,3.1237,-0.0048
285,-3.55198,-13.7383,0.200799,0.27735,0.000407385,0.000127868,3.8328e-05,0.000672353,-0.0001371,0.200737,-3.2264,-2.11887,0.226627,0.278903,0.000286357,3.00512e-05,0.000220438,0.000545286,-0.000228877,0.556659,275.99,3.1215,-0.0039
